Workbook

Sheet Attendance by Department
A3: Department | B3: Sum of Present_Days | C3: Sum of Leave_Days
A4: Finance | B4: 149 | C4: 5
A5: HR | B5: 145 | C5: 9
A6: IT | B6: 76 | C6: 1
A7: Production | B7: 205 | C7: 26
A8: Sales | B8: 137 | C8: 17
A9: Grand Total | B9: 712 | C9: 58

Sheet Salary by Department
A3: Department | B3: Sum of Total Salary | C3: Sum of Overtime_Hours
A4: Finance | B4: 214800 | C4: 39
A5: HR | B5: 183000 | C5: 30
A6: IT | B6: 129600 | C6: 48
A7: Production | B7: 267000 | C7: 120
A8: Sales | B8: 203000 | C8: 70
A9: Grand Total | B9: 997400 | C9: 307

Sheet Employee Attendance
A3: Employee_Name | B3: Average of Attendance % | C3: Sum of Overtime_Hours
A4: Amit Sharma | B4: 0.94812441 | C4: 30
A5: Anjali Patil | B5: 0.96248813 | C5: 18
A6: Neha Joshi | B6: 0.97376543 | C6: 21
A7: Pooja Shinde | B7: 0.91061254 | C7: 15
A8: Priya Patil | B8: 0.97483381 | C8: 15
A9: Rahul Jadhav | B9: 0.85766857 | C9: 41
A10: Rohan More | B10: 0.89672365 | C10: 36
A11: Sagar Deshmukh | B11: 0.81861349 | C11: 54
A12: Sneha Kulkarni | B12: 0.98717949 | C12: 48
A13: Vikas Pawar | B13: 0.92188984 | C13: 29
A14: Grand Total | B14: 0.92518993 | C14: 307

Sheet Employee Dashboard
A1: EMPLOYEE ATTENDANCE & SALARY
A2: Attendance, Salary & Overtime Analysis Dashboard
A4: TOTAL EMPLOYEES | D4: TOTAL SALARY | G4: AVERAGE ATTENDANCE | J4: TOTAL OVERTIME HOURS | M4: TOTAL OVERTIME PAY
A5: =COUNTA('Employee Data'!A2:A31)/3 -> 10 | D5: =SUM('Employee Data'!L2:L31) -> 997400 | G5: =AVERAGE('Employee Data'!K2:K31) -> 0.92518993 | J5: =SUM('Employee Data'!H2:H31) -> 307 | M5: =SUM('Employee Data'!J2:J31) -> 61400

Sheet Monthly Overtime
A3: Month | B3: Sum of Overtime_Hours | C3: Sum of Overtime_Pay
A4: Jan | B4: 87 | C4: 17400
A5: Feb | B5: 104 | C5: 20800
A6: Mar | B6: 116 | C6: 23200
A7: Grand Total | B7: 307 | C7: 61400

Sheet Monthly Salary
A3: Month | B3: Sum of Total Salary | C3: Sum of Basic_Salary
A4: Jan | B4: 329400 | C4: 312000
A5: Feb | B5: 332800 | C5: 312000
A6: Mar | B6: 335200 | C6: 312000
A7: Grand Total | B7: 997400 | C7: 936000

Sheet Employee Data
A1: Employee_ID | B1: Employee_Name | C1: Department | D1: Month | E1: Working_Days | F1: Present_Days | G1: Leave_Days | H1: Overtime_Hours | I1: Basic_Salary | J1: Overtime_Pay | K1: Attendance % | L1: Total Salary | M1: Salary per Working Day
A2: E001 | B2: Amit Sharma | C2: Production | D2: Jan | E2: 26 | F2: 24 | G2: 2 | H2: 8 | I2: 28000 | J2: 1600 | K2: =F2/E2 -> 0.92307692 | L2: =I2+J2 -> 29600 | M2: =L2/E2 -> 1138.4615
A3: E002 | B3: Priya Patil | C3: HR | D3: Jan | E3: 26 | F3: 25 | G3: 1 | H3: 4 | I3: 30000 | J3: 800 | K3: =F3/E3 -> 0.96153846 | L3: =I3+J3 -> 30800 | M3: =L3/E3 -> 1184.6154
A4: E003 | B4: m | C4: Sales | D4: Jan | E4: 26 | F4: 22 | G4: 4 | H4: 12 | I4: 32000 | J4: 2400 | K4: =F4/E4 -> 0.84615385 | L4: =I4+J4 -> 34400 | M4: =L4/E4 -> 1323.0769
A5: E004 | B5: Neha Joshi | C5: Finance | D5: Jan | E5: 26 | F5: 26 | G5: 0 | H5: 6 | I5: 35000 | J5: 1200 | K5: =F5/E5 -> 1 | L5: =I5+J5 -> 36200 | M5: =L5/E5 -> 1392.3077
A6: E005 | B6: Rohan More | C6: Production | D6: Jan | E6: 26 | F6: 23 | G6: 3 | H6: 10 | I6: 27000 | J6: 2000 | K6: =F6/E6 -> 0.88461538 | L6: =I6+J6 -> 29000 | M6: =L6/E6 -> 1115.3846
A7: E006 | B7: Sneha Kulkarni | C7: IT | D7: Jan | E7: 26 | F7: 25 | G7: 1 | H7: 14 | I7: 40000 | J7: 2800 | K7: =F7/E7 -> 0.96153846 | L7: =I7+J7 -> 42800 | M7: =L7/E7 -> 1646.1538
A8: E007 | B8: Vikas Pawar | C8: Sales | D8: Jan | E8: 26 | F8: 24 | G8: 2 | H8: 8 | I8: 31000 | J8: 1600 | K8: =F8/E8 -> 0.92307692 | L8: =I8+J8 -> 32600 | M8: =L8/E8 -> 1253.8462
A9: E008 | B9: Pooja Shinde | C9: HR | D9: Jan | E9: 26 | F9: 23 | G9: 3 | H9: 5 | I9: 29000 | J9: 1000 | K9: =F9/E9 -> 0.88461538 | L9: =I9+J9 -> 30000 | M9: =L9/E9 -> 1153.8462
A10: E009 | B10: Sagar Deshmukh | C10: Production | D10: Jan | E10: 26 | F10: 21 | G10: 5 | H10: 16 | I10: 26000 | J10: 3200 | K10: =F10/E10 -> 0.80769231 | L10: =I10+J10 -> 29200 | M10: =L10/E10 -> 1123.0769
A11: E010 | B11: Anjali Patil | C11: Finance | D11: Jan | E11: 26 | F11: 25 | G11: 1 | H11: 4 | I11: 34000 | J11: 800 | K11: =F11/E11 -> 0.96153846 | L11: =I11+J11 -> 34800 | M11: =L11/E11 -> 1338.4615
A12: E001 | B12: Amit Sharma | C12: Production | D12: Feb | E12: 24 | F12: 23 | G12: 1 | H12: 10 | I12: 28000 | J12: 2000 | K12: =F12/E12 -> 0.95833333 | L12: =I12+J12 -> 30000 | M12: =L12/E12 -> 1250
A13: E002 | B13: Priya Patil | C13: HR | D13: Feb | E13: 24 | F13: 24 | G13: 0 | H13: 6 | I13: 30000 | J13: 1200 | K13: =F13/E13 -> 1 | L13: =I13+J13 -> 31200 | M13: =L13/E13 -> 1300
... A31: E010 | B31: Anjali Patil | C31: Finance | D31: Mar | E31: 27 | F31: 25 | G31: 2 | H31: 8 | I31: 34000 | J31: 1600 | K31: =F31/E31 -> 0.92592593 | L31: =I31+J31 -> 35600 | M31: =L31/E31 -> 1318.5185
